mean_accuracy,std_accuracy,train_accuracy,test_accuracy
0.8927614709990991,0.0043303289666815304,0.9409798122669409,0.9048843187660668
