mean_accuracy,std_accuracy,train_accuracy,test_accuracy
0.8895462848924194,0.005782624268379213,0.9346791822039346,0.8961439588688946
