cv_scores,mean_cv_accuracy,std_cv_accuracy,train_accuracy,test_accuracy,precision,recall,f1_score,auc_roc
[0.83290488 0.82583548 0.82508039 0.8192926  0.82508039],0.825638747220592,0.004329723146382885,0.8359264497878359,0.8293059125964011,0.7826855123674912,0.911522633744856,0.8422053231939164,0.9063711993368269
