cv_scores,mean_cv_accuracy,std_cv_accuracy,train_accuracy,test_accuracy,precision,recall,f1_score,auc_roc
[0.82326478 0.8277635  0.82122186 0.8244373  0.82186495],0.8237104786781178,0.002313137792950081,0.8342548540568343,0.825706940874036,0.7885141294439381,0.8899176954732511,0.8361527307878203,0.910618066393446
