best_params,balanced,,sqrt,1.0,2.0,200.0,,
test_metrics,,,,,,,0.9573045267489712,0.9924157267692932
