{
    "Silhouette Score": 0.32344814636491925,
    "Calinski-Harabasz Index": 2696.2370191635378,
    "Davies-Bouldin Index": 1.5021922299179706,
    "Number of Clusters": 2,
    "Noise Points": 16
}