{
    "Silhouette Score": 0.39287166860385747,
    "Calinski-Harabasz Index": 1418.3149549444172,
    "Davies-Bouldin Index": 0.890434829085498,
    "Number of Clusters": 2,
    "Noise Points": 1
}