mean_accuracy,std_accuracy,train_accuracy,test_accuracy
0.894817364997231,0.005003378963014787,0.9390510479619391,0.910025706940874
