mean_accuracy,std_accuracy,train_accuracy,test_accuracy
0.9071501665578324,0.0034184270146168016,0.9560185185185185,0.9228395061728395
