accuracy,classification_report,auc_roc
0.8586118251928021,"{'0': {'precision': 0.9245742092457421, 'recall': 0.7810894141829393, 'f1-score': 0.8467966573816156, 'support': 973.0}, '1': {'precision': 0.8103294746215495, 'recall': 0.9362139917695473, 'f1-score': 0.8687350835322196, 'support': 972.0}, 'accuracy': 0.8586118251928021, 'macro avg': {'precision': 0.8674518419336458, 'recall': 0.8586517029762433, 'f1-score': 0.8577658704569175, 'support': 1945.0}, 'weighted avg': {'precision': 0.8674812107600273, 'recall': 0.8586118251928021, 'f1-score': 0.8577602307586784, 'support': 1945.0}}",0.9237387867483792
