accuracy,classification_report,auc_roc
0.8596401028277635,"{'0': {'precision': 0.9166666666666666, 'recall': 0.7913669064748201, 'f1-score': 0.8494208494208494, 'support': 973.0}, '1': {'precision': 0.816289592760181, 'recall': 0.9279835390946503, 'f1-score': 0.8685604236880116, 'support': 972.0}, 'accuracy': 0.8596401028277635, 'macro avg': {'precision': 0.8664781297134239, 'recall': 0.8596752227847352, 'f1-score': 0.8589906365544304, 'support': 1945.0}, 'weighted avg': {'precision': 0.8665039335884641, 'recall': 0.8596401028277635, 'f1-score': 0.85898571635539, 'support': 1945.0}}",0.9307442934541257
